[{"key":"1598108105363","name":"The Return","author":"Hisham Matar","description":"<b>From Man Booker Prize and National Book Critics Circle Award finalist Hisham Matar, a memoir of his journey home to his native Libya in search of answers to his father's disappearance.</b><br>In 2012, after the overthrow of Qaddafi, the acclaimed novelist Hisham Matar journeys to his native Libya after an absence of thirty years. <br> When he was twelve, Matar and his family went into political exile. Eight years later Matar's father, a former diplomat and military man turned brave political dissident, was kidnapped from the streets of Cairo by the Libyan government and is believed to have been held in the regime's most notorious prison. <br> Now, the prisons are empty and little hope remains that Jaballa Matar will be found alive. Yet, as the author writes, hope is \"persistent and cunning.\" <br> This book is a profoundly moving family memoir, a brilliant and affecting portrait of a country and a people on the cusp of immense change, and a disturbing and timeless depiction of...","md5":"116187439266dbe7c07cbd9f6dc1d75f"},{"key":"1598063350989","name":"解忧杂货店","author":"东野圭吾","description":"","md5":"87bad39597990d1f74e4adb656a5fe1d"}]